{"cameraMode":{"drawMode":0,"name":"Shaded","section":"Shading Mode"},"sceneLighting":true,"audioPlay":false,"sceneViewState":{"showFog":true,"showMaterialUpdate":false,"showSkybox":true,"showFlares":true,"showImageEffects":true,"showParticleSystems":true},"in2DMode":false,"pivot":{"x":1.9670391082763672,"y":48.362205505371097,"z":23.821989059448243},"rotation":{"x":-0.05092368274927139,"y":0.11865948885679245,"z":-0.006093801464885473,"w":-0.9916096329689026},"size":160.33493041992188,"orthographic":false}