{"cameraMode":{"drawMode":0,"name":"Shaded","section":"Shading Mode"},"sceneLighting":true,"audioPlay":false,"sceneViewState":{"showFog":true,"showMaterialUpdate":false,"showSkybox":true,"showFlares":true,"showImageEffects":true,"showParticleSystems":true},"in2DMode":false,"pivot":{"x":29.197303771972658,"y":12.626248359680176,"z":15.141505241394043},"rotation":{"x":0.24195121228694917,"y":0.030558092519640924,"z":-0.007623984944075346,"w":0.9697771668434143},"size":277.30670166015627,"orthographic":false}