{"cameraMode":{"drawMode":0,"name":"Shaded","section":"Shading Mode"},"sceneLighting":true,"audioPlay":false,"sceneViewState":{"showFog":true,"showMaterialUpdate":false,"showSkybox":true,"showFlares":true,"showImageEffects":true,"showParticleSystems":true},"in2DMode":false,"pivot":{"x":37.141868591308597,"y":-0.240154430270195,"z":16.454191207885743},"rotation":{"x":0.3608161509037018,"y":-0.6081214547157288,"z":0.36081621050834658,"w":0.6081214547157288},"size":31.717649459838868,"orthographic":false}