{"cameraMode":{"drawMode":0,"name":"Shaded","section":"Shading Mode"},"sceneLighting":false,"audioPlay":false,"sceneViewState":{"showFog":true,"showMaterialUpdate":false,"showSkybox":false,"showFlares":true,"showImageEffects":true,"showParticleSystems":true},"in2DMode":false,"pivot":{"x":0.00003886222839355469,"y":1.0428688526153565,"z":0.1489924192428589},"rotation":{"x":-0.03270692378282547,"y":0.7530431747436523,"z":-0.03753922879695892,"w":-0.6560847163200378},"size":11.465940475463868,"orthographic":false}