{"cameraMode":{"drawMode":0,"name":"Shaded","section":"Shading Mode"},"sceneLighting":false,"audioPlay":false,"sceneViewState":{"showFog":true,"showMaterialUpdate":false,"showSkybox":false,"showFlares":true,"showImageEffects":true,"showParticleSystems":true},"in2DMode":false,"pivot":{"x":0.002839207649230957,"y":0.6952334046363831,"z":0.15162310004234315},"rotation":{"x":-0.2386021763086319,"y":-0.5731191039085388,"z":0.17917101085186006,"w":-0.7632177472114563},"size":4.604526519775391,"orthographic":false}