{"cameraMode":{"drawMode":0,"name":"Shaded","section":"Shading Mode"},"sceneLighting":false,"audioPlay":false,"sceneViewState":{"showFog":true,"showMaterialUpdate":false,"showSkybox":false,"showFlares":true,"showImageEffects":true,"showParticleSystems":true},"in2DMode":false,"pivot":{"x":0.23134279251098634,"y":0.6293935775756836,"z":0.11068916320800781},"rotation":{"x":-0.2386021763086319,"y":-0.5731191039085388,"z":0.17917101085186006,"w":-0.7632177472114563},"size":4.652731895446777,"orthographic":false}