{"cameraMode":{"drawMode":0,"name":"Shaded","section":"Shading Mode"},"sceneLighting":false,"audioPlay":false,"sceneViewState":{"showFog":true,"showMaterialUpdate":false,"showSkybox":false,"showFlares":true,"showImageEffects":true,"showParticleSystems":true},"in2DMode":false,"pivot":{"x":-2.1044857501983644,"y":1.1477794647216797,"z":1.0033385753631592},"rotation":{"x":-0.23051659762859345,"y":0.15051046013832093,"z":-0.03611617907881737,"w":-0.9606791138648987},"size":15.436370849609375,"orthographic":false}