{"cameraMode":{"drawMode":0,"name":"Shaded","section":"Shading Mode"},"sceneLighting":true,"audioPlay":false,"sceneViewState":{"showFog":true,"showMaterialUpdate":false,"showSkybox":true,"showFlares":true,"showImageEffects":true,"showParticleSystems":true},"in2DMode":false,"pivot":{"x":31.445465087890626,"y":1.794249415397644,"z":12.797822952270508},"rotation":{"x":-0.356743186712265,"y":0.01176788192242384,"z":-0.00449424097314477,"w":-0.9341176152229309},"size":20.42668914794922,"orthographic":false}