{"cameraMode":{"drawMode":0,"name":"Shaded","section":"Shading Mode"},"sceneLighting":false,"audioPlay":false,"sceneViewState":{"showFog":true,"showMaterialUpdate":false,"showSkybox":false,"showFlares":true,"showImageEffects":true,"showParticleSystems":true},"in2DMode":false,"pivot":{"x":-65.19000244140625,"y":2.5274059772491457,"z":47.31999969482422},"rotation":{"x":-0.356743186712265,"y":0.01176788192242384,"z":-0.00449424097314477,"w":-0.9341176152229309},"size":8.854589462280274,"orthographic":false}