{"cameraMode":{"drawMode":0,"name":"Shaded","section":"Shading Mode"},"sceneLighting":true,"audioPlay":false,"sceneViewState":{"showFog":true,"showMaterialUpdate":false,"showSkybox":true,"showFlares":true,"showImageEffects":true,"showParticleSystems":true},"in2DMode":false,"pivot":{"x":-1.0343927145004273,"y":-0.29097646474838259,"z":-1.781782865524292},"rotation":{"x":0.010919949971139431,"y":0.5878783464431763,"z":-0.007936868816614151,"w":0.8088366985321045},"size":3.9975931644439699,"orthographic":false}